Room Number,Team 1,vs,Team 2
1,C020 Shining Stars,vs,C001 The Hardy Boys 
2,C045 The Debators,vs,C003 Golden Eagles
3,C037  Ambassadors,vs,C004 The Skywalkers
4,C052 The Cool Ones,vs,C005 Imperial Debaters XII Blasters
5,C016 Fire Debaters,vs,C007 Creative Ones
6,C018 VLPHA Q,vs,C008 The Invincible 3 
7,C017 Death by Rebuttals,vs,C009 Grand Debaters
8,C023 Blind Spot,vs,C010 Fire Girls
9,C044 Debate Champs,vs,C011 The Debaters
10,C013 The Fantastic 3,vs,C014 The Professional Debators 
11,C042 Dangerous Rocks,vs,C015 The Assasinators
12,C032 Classic Debators,vs,C019 The Legendary Debaterions
13,C012 Debate Champions,vs,C021 Trouble Makers
14,No team Bye,vs,C026 The Three Demi Gods
15,C024 Ultimate Debators,vs,C027 Unbreakable Debators
16,C041 Golden Eagle Warriors ,vs,C029 Alpha Cube
17,C067 Barain C4,vs,C030 Alpha Q 2
18,C031 Master Debators,vs,C033 Alpha Cube (2)
19,C002 Fantasticans,vs,C035 Eliminators
20,C028 Lego My Ego,vs,C038 Debate Champs
21,C046 Three Musketeers,vs,C043 The Maxfortians
22,C059 Nerdy Herd,vs,C047 Stellers
23,C063 The Violent Storms,vs,C048 Stunners
24,C034 Under Dogs,vs,C049 Debate Rangers
25,C036 The Max debators,vs,C050 Savage
26,C054 The Scorpians,vs,C051 Beasts United
27,C056 Star Titans ,vs,C055 PAS
28,C040 The Fast and the Curious,vs,C057 Mavericks
29,C058 The Data Dirt Devils,vs,C060 The Crustry Crusaders
30,C006 Diamond Girls,vs,C061 The Polemista DC
31,C039 The Champs,vs,C062 Rainbow Warriors
32,C025 Brooklyn,vs,C064 Brain C1
33,C022 Pwak Off,vs,C065 Brain C2
34,C053 The Predators,vs,C066 Brain C3
