Room Number,Team 1,vs,Team 2
1,C052 The Cool Ones,vs,C007 Creative Ones
2,C016 Fire Debaters,vs,C008 The Invincible 3 
3,C018 VLPHA Q,vs,C009 Grand Debaters
4,C017 Death by Rebuttals,vs,C010 Fire Girls
5,C023 Blind Spot,vs,C011 The Debaters
6,C044 Debate Champs,vs,C014 The Professional Debators 
7,C013 The Fantastic 3,vs,C015 The Assasinators
8,C042 Dangerous Rocks,vs,C019 The Legendary Debaterions
9,C032 Classic Debators,vs,C021 Trouble Makers
10,C012 Debate Champions,vs,C026 The Three Demi Gods
11,No team Bye,vs,C027 Unbreakable Debators
12,C024 Ultimate Debators,vs,C029 Alpha Cube
13,C041 Golden Eagle Warriors ,vs,C030 Alpha Q 2
14,C067 Barain C4,vs,C033 Alpha Cube (2)
15,C031 Master Debators,vs,C035 Eliminators
16,C002 Fantasticans,vs,C038 Debate Champs
17,C028 Lego My Ego,vs,C043 The Maxfortians
18,C046 Three Musketeers,vs,C047 Stellers
19,C059 Nerdy Herd,vs,C048 Stunners
20,C063 The Violent Storms,vs,C049 Debate Rangers
21,C034 Under Dogs,vs,C050 Savage
22,C036 The Max debators,vs,C051 Beasts United
23,C054 The Scorpians,vs,C055 PAS
24,C056 Star Titans ,vs,C057 Mavericks
25,C040 The Fast and the Curious,vs,C060 The Crustry Crusaders
26,C058 The Data Dirt Devils,vs,C061 The Polemista DC
27,C006 Diamond Girls,vs,C062 Rainbow Warriors
28,C039 The Champs,vs,C064 Brain C1
29,C025 Brooklyn,vs,C065 Brain C2
30,C022 Pwak Off,vs,C066 Brain C3
31,C053 The Predators,vs,C001 The Hardy Boys 
32,C020 Shining Stars,vs,C003 Golden Eagles
33,C045 The Debators,vs,C004 The Skywalkers
34,C037  Ambassadors,vs,C005 Imperial Debaters XII Blasters
