Room Number,Team 1,vs,Team 2
1,No team Bye,vs,C029 Alpha Cube
2,C024 Ultimate Debators,vs,C030 Alpha Q 2
3,C041 Golden Eagle Warriors ,vs,C033 Alpha Cube (2)
4,C067 Barain C4,vs,C035 Eliminators
5,C031 Master Debators,vs,C038 Debate Champs
6,C002 Fantasticans,vs,C043 The Maxfortians
7,C028 Lego My Ego,vs,C047 Stellers
8,C046 Three Musketeers,vs,C048 Stunners
9,C059 Nerdy Herd,vs,C049 Debate Rangers
10,C063 The Violent Storms,vs,C050 Savage
11,C034 Under Dogs,vs,C051 Beasts United
12,C036 The Max debators,vs,C055 PAS
13,C054 The Scorpians,vs,C057 Mavericks
14,C056 Star Titans ,vs,C060 The Crustry Crusaders
15,C040 The Fast and the Curious,vs,C061 The Polemista DC
16,C058 The Data Dirt Devils,vs,C062 Rainbow Warriors
17,C006 Diamond Girls,vs,C064 Brain C1
18,C039 The Champs,vs,C065 Brain C2
19,C025 Brooklyn,vs,C066 Brain C3
20,C022 Pwak Off,vs,C001 The Hardy Boys 
21,C053 The Predators,vs,C003 Golden Eagles
22,C020 Shining Stars,vs,C004 The Skywalkers
23,C045 The Debators,vs,C005 Imperial Debaters XII Blasters
24,C037  Ambassadors,vs,C007 Creative Ones
25,C052 The Cool Ones,vs,C008 The Invincible 3 
26,C016 Fire Debaters,vs,C009 Grand Debaters
27,C018 VLPHA Q,vs,C010 Fire Girls
28,C017 Death by Rebuttals,vs,C011 The Debaters
29,C023 Blind Spot,vs,C014 The Professional Debators 
30,C044 Debate Champs,vs,C015 The Assasinators
31,C013 The Fantastic 3,vs,C019 The Legendary Debaterions
32,C042 Dangerous Rocks,vs,C021 Trouble Makers
33,C032 Classic Debators,vs,C026 The Three Demi Gods
34,C012 Debate Champions,vs,C027 Unbreakable Debators
